Voxel ID;Patient;State;Time;Gender;Age;TE;location
P29184;F425;resting;1.1.2019;F;55;35;Left prefrontal
P30208;F425;resting;1.1.2019;F;55;144;Left prefrontal
P31232;F425;resting;1.1.2019;F;55;35;left precuneus
P32256;F425;resting;1.1.2019;F;55;35;Right hippocampus-amygdala
P27648;F900;resting;1.1.2019;M;30;35;Left prefrontal
P28672;F900;resting;1.1.2019;M;30;144;Left prefrontal
P29696;F900;resting;1.1.2019;M;30;35;left precuneus
P30720;F900;resting;1.1.2019;M;30;35;Right hippocampus-amygdala